"Фраза","Показы"
"Купить гусей",38886
"купить гуся",38712
"гусь хрустальный купить",8971
"где купить гуся",2270
"купить мясо гуся",1951
"купить гуся цена",1899
"купить гуся +в москве",1833
"купить гусей +на авито",1775
"купить чучела гусей",1690
"холмогорские гуси купить",1393
"куплю утку гусей",1380
"купить люстру гусь",1353
"купить люстру гусь хрустальный",1332
"купить гусей охоты",1257
"куплю гуся квартиру",1174
"купить живого гуся",1093
"купить тушку гуся",1038
"купить гусь хрустальном авито",969
"купить гусей породы",961
"манки +на гуся купить",941
"купить квартиру +в гусь хрустальном",939
"куплю гусей оптом",888
"купить гусей холмогоров",888
"гуси холмогоры купить",888
"чучела гусей +для охоты купить",795
"купить дом гусе",772
"купить яйцо гуся",682
"купить посуду гуси",670
"купить гусей +в украине",651
"где можно купить гуся",624
"купить гусей обл",580
"купить дом +в гусь хрустальном",561
"купить золотой гусь",555
"куплю магазин гусь хрустальном",549
"купить домашнего гуся",547
"канада гусь купить",542
"купить гуся +в спб",529
"куплю гусей живым весом",528
"купить гусей кур",516
"гусь хрустальный купить +в москве",470
"профиля гусей купить",447
"гусь хрустальный хрусталь купить",435
"купить гуся недорого",407
"купить серых гусей",392
"купить гуси чехия",388
"купить вяленых гусей",379
"тулузские гуси купить",375
"купить гусей холмогорской породы",373
"купить пуховик гусь",369
"инкубационные яйца гусей купить",363
"купить владимирского гуся",349
"купить мясо гуся цена",348
"купить диких гусей",346
"купить гусей россии",346
"купити гуси",319
"люстры гусь хрустальный купить магазине",302
"купить перосъемную машину +для гусей",299
"бокалы гусь хрустальный купить",289
"купить кур уток гусей",287
"тульские гуси купить",282
"купить люстры гусь хрустальный интернет магазин",280
"гуси лебеди купить",277
"канадский гусь купить",269
"купить квартиру +в гусе +на авито",264
"белолобые гуси купить",257
"купить гуся +в москве цена",253
"люстры гусь хрустальный купить +в москве",251
"купить квартиру +в гусь хрустальном +на авито",250
"купить гусей владимирская область",244
"купить гуся +в минске",229
"купить чешский гусь",229
"гусь хрустальный завод купить",222
"канада гусь пуховики купить",221
"купить гусей воронеж",212
"купить тушку гуся цена",211
"купить гуся +в новосибирске",210
"купить гусей развод",209
"купить хрустальную вазу гусь хрустальный",208
"куплю ваз гусь хрустальный",208
"засидка +на гуся купить",206
"гусь птица купить",204
"куплю мясо гуся оптом",203
"купить гуся +в уфе",202
"купить гуси линда",201
"купить хрусталь +из гусь",199
"скрадок +на гуся купить",197
"посуда гусь хрустальный купить",194
"купить дом +в гусь хрустальном районе",194
"купить перо гуся",185
"копченый гусь купить",180
"купить посуду гуси чехия",176
"пух гуся купить",176
"купить гуся +в екатеринбурге",172
"купить гуся домашнего цены",169
"стекло гусь хрустальный купить",168
"купить гусей ставропольский край",164
"купить гусь хрустальный производителя",164
"купить крупных гусей",163
"гуси холмогоры авито купить",163
"купить дом гусь хрустальном владимирской области",162
"купить сервиз гуси",157
"куплю гусей новгороде",154
"гуси +на племя купить",153
"купить гусей холмогоров +на авито",152
"купить гусей +в курске",152
"купить гуся красноярск",152
"чучела гусей купить дешево",152
"купить дом владимирская область гусь хрустальный район",151
"гуси ростов купить",151
"гуси купить московской",150
"купить белых гусей",148
"гусь хрустальный набор купить",145
"купить холмогорских гусей +в украине",144
"купить хрустальные фужеры гусь хрустальный",144
"купить конверт золотой гусь",144
"купить чучела гусей +для охоты дешево",143
"пуховик канадский гусь купить",143
"купить гусей санкт петербурге",140
"купить гусей холмогоров +в украине",139
"гуси холмогоры купить +в украине",139
"авито ру гуси купить",139
"купить холмогорских гусей +в россии",137
"купить гусей +в омске",137
"купить комплект золотой гусь",135
"гуси купить +в московской области",134
"костюм гуся купить",133
"гуси башкирия купить",132
"купить гусей +в краснодарском крае",132
"купить перосъемную машину гусей уток",132
"гусь тушка купить +в москве",129
"купить гуся краснодаре",129
"манок +на белолобого гуся купить",128
"гусь хрустальный цветной купить",128
"купить дом +в гусь хрустальном +на авито",126
"подсадные гуси купить",125
"подсадная гуси купить",125
"купить мясо гусей +на авито",124
"купить гуся цена +за кг",123
"инкубатор +для гусей купить",123
"игрушка гусь купить",120
"гуси спорт пласт купить",119
"купить гусь кран",118
"купить гуся +в челябинске",118
"духовые манки +на гуся купить",117
"куплю датских гусей",116
"купить фарфор гуси",114
"гуси индюки купить",113
"купить холмогорских гусей где",111
"куплю гусей харьков",110
"купить люстру +в гусь хрустальном +от производителя",109
"купить перосъемную машину +для гусей уток кур",109
"купить гуся +в казани",108
"купить гусей воронежской области",106
"купить дом деревне гусь хрустальный",105
"порода гусей тулузская купить",104
"купить живых гусей цена",104
"гусь замороженный купить",104
"куплю гусей уток москва",103
"купить гусей +в беларуси",102
"купить гусей +в курске +на развод",101
"купить машину +в гусь хрустальном",101
"где купить мясо гуся",101
"купить продукцию гусь хрустальный",101
"гуси купить иркутск",100
"тарелки гуси купить",100
"куплю мясо гуся утки",99
"гусь хрустальный где купить люстру",99
"купить гуся большого",99
"гуси легард купить",99
"скрадок +для охоты +на гуся купить",98
"крупные серые гуси купить",98
"купить чучела гусей плавающих",98
"утка гусь где купить",98
"где купить гуся +в москве",97
"купить чучела гусей спорт пласт",97
"продам куплю гусей",97
"гуси бройлеры купить",97
"насадка +для ощипывания гусей купить",96
"гуси мамут купить",95
"купить цыплят гусей",95
"куплю тушки гусей оптом",94
"купить дом деревне гусь хрустальный район",94
"купить куртку канада гусь",93
"купить гусей +в тюмени",92
"куплю гусей казахстане",91
"купить гуся +в нижнем новгороде",90
"купить авто +в гусь хрустальном",90
"гусь хрусталь купить интернет",90
"купить чучела гусей +в москве",87
"авито купить гусей +в ставропольском крае",86
"куплю гусей туле",86
"породы гусей купить украине",86
"чучела гусей уток купить",85
"купить хрусталь гусь хрустальный интернет магазине",85
"купить холмогорских гусей +на авито",84
"купить гусей +в самаре",84
"китайский гусь купить",84
"рязань купить гусей",83
"лежачие засидки +на гуся купить",82
"купить племенных гусей",82
"гусь хрустальный купить +в спб",82
"купить гусей татарстан",82
"продукция гусь хрустального завода купить",81
"гуси молодняк купить",81
"датский легард гуси купить",81
"купить гусей +в ростовской области",81
"гуси разведения купить",81
"купить гусей +в брянске",80
"купить гуся гуменника",80
"линдовские гуси купить",80
"купить гусей киев",80
"купить гуся +в перми",78
"купить постельное золотой гусь",78
"гуси орловские купить",77
"купить породистых гусей",77
"купить комплект +в кроватку золотой гусь",77
"купить гусей +в белоруссии",77
"купить мясо гуся +в москве",76
"куртка канадский гусь купить",76
"купить яйца гуси холмогорской",76
"купить гуси холмогори",75
"канадский гусь купить +в москве",75
"гусь яблоками купить",75
"лежачий скрадок +на гуся купить",74
"яйца гусей +для инкубатора купить",74
"стаканы гусь хрустальный купить",74
"чучела гусей б +у купить",74
"купить путешествие нильса +с дикими гусями",74
"купить гусей +в башкортостане",73
"купить гуся липецке",73
"чучела гусей купить недорого",72
"купить электронный манок +на гуся",72
"жатецкий гусь купить",72
"купить взрослых гусей",72
"гуси где купить цена",71
"куры гуси купить москве",71
"канада гусь купить +в москве",70
"купить постельное белье золотой гусь",70
"посуда гуси купить +в москве",70
"куплю живых гусей оптом",70
"купить гусей курской области",70
"купить тушку гуся +в москве цена",69
"гуси тульской породы купить",69
"купить шины +в гусь хрустальном",68
"перосъемная машина +для гусей купить +в москве",68
"гуси кургане купить",67
"купить чашку гуси",66
"цветной хрусталь гусь хрустальный купить",65
"купить посуду гуси +в интернет магазине",65
"купить гуся волгоград",65
"профиля гусей купить +в интернет магазине",64
"бойцовые гуси купить",64
"купить статуэтку гуся",64
"профиля гусей купить интернет",64
"купить гусей +в сумской области",63
"бильные пальцы +для гусей купить",63
"купить гусей ярославль",62
"рюмки купить гусь хрустальном",62
"тулузы гуси купить",62
"пролетный гусь купить билеты",62
"гуси легарт купить",62
"где купить гусей живых",62
"купить квартиру +в гусь хрустальном стеклострой",61
"купить гидравлический гусь",61
"купить гуся живого авито",61
"кружки +с гусями купить",60
"кружка +с гусями купить",60
"гусь свежий купить",60
"купить гусей +на авито +в воронеже",59
"подсадные гуси +для охоты купить",59
"подсадной гусь +для охоты купить",59
"гуси холмогори купити",59
"видео гуси купить",59
"купить гусей +на олх",58
"сервиз гуси чехия купить",58
"гуси порода линда купить",58
"купить гусей +в тульской области",58
"купить холодильник гусь хрустальном",58
"изделия гусь хрустальный купить",58
"гуси гринхед купить",58
"тулузские гуси купить +в россии",57
"профили гусей +для охоты купить",57
"чучела гусей гринхед купить",57
"купить гусь флюгер",57
"купить гусей смоленске",57
"утка гусь индейка купить",57
"купить гусей цена фото",57
"купить птенцов гусей",56
"купить недвижимость +в гусь хрустальном",56
"купить гусей +в орловской области",56
"купить люстры гусь хрустальный недорого",56
"купить +в уфе насадку +для чистки гусей",55
"где купить гусей холмогорской породы",55
"купить гусей +в белгородской области",55
"купить семью гусей",55
"куплю гусей сколько стоит",55
"куплю гусей оптом москве",55
"где купить гуси посуда",55
"чешский фарфор гуси купить",54
"вакцина гусей энтерита купить",54
"купить тыкву гусь",54